TRIP;MODE;ALFA;BETA;CL;CD;CM25;CYAW;CROLL;CY
0;ALFA;-4.0;0.0;-0.10644938271604937;0.07338456790123457;0.1476388888888889;0.00101820987654321;-0.0032839506172839504;-0.0017333333333333333
0;ALFA;-3.0;0.0;0.003822641509433986;0.0688622641509434;0.14502264150943397;0.0008028301886792452;-0.0035367924528301887;-0.001743710691823899
0;ALFA;-2.0;0.0;0.11129606060606059;0.06592151515151513;0.12506575757575755;0.0005042424242424243;-0.0031454545454545455;-0.0006269696969696969
0;ALFA;-1.0;0.0;0.22246666666666665;0.06325535168195719;0.12362782874617738;0.00044892966360856267;-0.003567584097859327;-0.0007281345565749236
0;ALFA;0.0;0.0;0.336100408997955;0.06353026584867076;0.0989799591002045;0.0003094069529652352;-0.0028752556237218816;-0.0009022494887525563
0;ALFA;1.0;0.0;0.4493864197530864;0.06437242798353908;0.09417037037037036;0.0004333333333333333;-0.004091358024691358;-0.000403292181069959
0;ALFA;2.0;0.0;0.5573688205128204;0.06568625641025642;0.08454461538461538;0.00032830769230769225;-0.0029303589743589742;0.00022328205128205122
0;ALFA;3.0;0.0;0.6682921263057929;0.07002090598290599;0.06810594966761634;0.0005368390313390313;-0.0034392535612535616;0.0005571657169990503
0;ALFA;4.0;0.0;0.7792154320987654;0.07435555555555555;0.05166728395061728;0.0007453703703703703;-0.0039481481481481485;0.0008910493827160493
0;ALFA;5.0;0.0;0.8882708333333333;0.08005833333333333;0.039141666666666665;0.0007875;-0.0039791666666666664;0.0008625000000000001
0;ALFA;6.0;0.0;0.9964641025641026;0.08682820512820512;0.018662564102564096;0.0007764102564102565;-0.003569230769230769;0.0008984615384615385
0;ALFA;7.0;0.0;1.1047277951933123;0.0956496342737722;-0.011878369905956128;0.0007853709508881923;-0.0033040752351097174;0.0005065830721003129
0;ALFA;8.0;0.0;1.2125580246913579;0.10547469135802467;-0.03870493827160491;0.0008277777777777773;-0.0032;-0.0003419753086419751
0;ALFA;9.0;0.0;1.3186559633027521;0.11698960244648318;-0.06959694189602447;0.0013030581039755352;-0.003188990825688073;-0.00048685015290519896
0;ALFA;10.0;0.0;1.4215;0.12946666666666665;-0.10326666666666666;0.0009666666666666666;-0.0030666666666666668;0.0004
0;ALFA;11.0;0.0;1.5183704641350213;0.14208902953586497;-0.13798523206751057;0.0008029535864978904;-0.0017877637130801686;-2.8270042194092823e-05
0;ALFA;12.0;0.0;1.615213163481953;0.15597303609341823;-0.16228237791932054;0.0012078556263269632;-0.0024673036093418267;-1.0828025477706003e-05
0;ALFA;13.0;0.0;1.708176758409786;0.1732308868501529;-0.19927737003058105;0.0014608562691131497;-0.002194189602446483;-0.0012293577981651361
0;ALFA;14.0;0.0;1.7928220125786165;0.19167232704402515;-0.22471635220125785;0.0012496855345911948;-0.0023056603773584914;0.002003773584905661
0;ALFA;15.0;0.0;1.8668374149659863;0.21048095238095235;-0.2529707482993197;0.0011095238095238107;-0.001141496598639457;0.0013319727891156466
0;ALFA;15.5;0.0;1.8847484848484848;0.22429212121212125;-0.27250666666666673;0.00038787878787878525;-0.00268848484848486;-0.0013375757575757733
0;ALFA;16.0;0.0;1.8853666666666666;0.24323921568627455;-0.2986196078431373;-0.00047450980392156985;-0.00688235294117648;-0.007370588235294134
0;ALFA;16.5;0.0;1.8773658333333332;0.2623958333333334;-0.31853500000000007;-0.00022958333333333077;-0.006593333333333321;-0.006769999999999978
0;ALFA;17.0;0.0;1.8591874396135268;0.2821357487922706;-0.333895652173913;0.0004913043478260862;-0.005009661835748814;-0.00034975845410627963
0;ALFA;17.5;0.0;1.8749823293172692;0.29761285140562255;-0.34646465863453824;0.00037951807228915667;-0.006431325301204811;-0.0018473895582329387
0;ALFA;18.0;0.0;1.8760393939393938;0.31535151515151516;-0.3611636363636364;0.0013575757575757558;0.0025757575757575646;-0.0009848484848484916
0;ALFA;18.5;0.0;1.836266666666666;0.3335333333333332;-0.31563333333333365;0.004349999999999993;0.02124999999999988;0.009583333333333333
6;ALFA;-4.0;0.0;-0.12290093457943925;0.07525451713395638;0.1408171339563863;0.0011109034267912773;-0.0035672897196261685;-0.0011766355140186916
6;ALFA;-3.0;0.0;-0.012537654320987678;0.07053858024691359;0.1355848765432099;0.0008308641975308643;-0.00439567901234568;-0.0012916666666666669
6;ALFA;-2.0;0.0;0.0934440366972477;0.06765749235474006;0.12746483180428134;0.0005730886850152905;-0.0039418960244648315;-0.0004128440366972477
6;ALFA;-1.0;0.0;0.2038246913580247;0.06561481481481482;0.1191432098765432;0.00048641975308641976;-0.0038987654320987654;-0.00019012345679012346
6;ALFA;0.0;0.0;0.3094028037383178;0.06527570093457945;0.1058080996884735;0.0003333333333333333;-0.0030062305295950153;-0.0003489096573208722
6;ALFA;1.0;0.0;0.42114845679012347;0.0656388888888889;0.09178919753086422;0.0002376543209876543;-0.003900925925925926;-0.00012006172839506174
6;ALFA;2.0;0.0;0.5267833333333333;0.06809166666666665;0.08028981481481481;0.0006425925925925926;-0.0029037037037037043;0.000698148148148148
6;ALFA;3.0;0.0;0.5267833333333333;0.06809166666666665;0.08028981481481481;0.0006425925925925926;-0.0029037037037037043;0.000698148148148148
6;ALFA;4.0;0.0;0.7425715151515151;0.07606606060606061;0.05233151515151515;0.0008296969696969696;-0.003732424242424242;0.001220909090909091
6;ALFA;5.0;0.0;0.8504293209876543;0.08153456790123456;0.03761111111111112;0.0009067901234567901;-0.003928086419753086;0.0013123456790123454
6;ALFA;6.0;0.0;0.9550126543209877;0.08838333333333331;0.015935185185185212;0.000899074074074074;-0.003553086419753086;0.0012768518518518528
6;ALFA;7.0;0.0;1.057775;0.09694166666666666;-0.010658333333333329;0.0009333333333333333;-0.0036333333333333335;0.00030000000000000014
6;ALFA;8.0;0.0;1.1583186915887849;0.10659221183800623;-0.037114330218068536;0.0009280373831775702;-0.003368847352024922;-0.0005124610591900312
6;ALFA;9.0;0.0;1.2536396226415094;0.11841698113207547;-0.0663641509433962;0.0013251572327044028;-0.003552201257861635;-0.0008937106918239001
6;ALFA;10.0;0.0;1.344237920489297;0.13111100917431193;-0.0985324159021407;0.0009908256880733944;-0.0036266055045871557;0.0001321100917431187
6;ALFA;11.0;0.0;1.4280686073059359;0.1441898401826484;-0.1294751141552512;0.0008918949771689486;-0.0021015981735159873;-0.0007035388127853947
6;ALFA;12.003333333333332;0.0;1.4402666666666668;0.1724;-0.1849333333333333;-0.0010666666666666667;-0.010966666666666666;-0.011733333333333333
6;ALFA;13.0;0.0;1.4217228758169937;0.20231938997821353;-0.23185904139433552;0.001629847494553378;-0.0018505446623093616;-0.0026038126361655756
6;ALFA;14.0;0.0;1.4549409090909091;0.2264969696969697;-0.24406969696969694;0.0026712121212121207;0.0032863636363636363;-0.0015560606060606064
6;ALFA;15.0;0.0;1.481259490740741;0.25163379629629634;-0.26620462962962965;0.0037516203703703713;0.010624305555555564;0.0018136574074074084
6;ALFA;15.5;0.0;1.4933714285714286;0.2638347826086957;-0.2748055900621118;0.003346376811594203;0.012147619047619044;0.0009927536231884076
6;ALFA;16.0;0.0;1.5056472222222221;0.2752763888888889;-0.28509861111111107;0.0032689814814814812;0.012672222222222218;0.0008379629629629631
6;ALFA;16.5;0.0;1.5220128514056224;0.2880935742971887;-0.29575180722891564;0.003210441767068273;0.013177911646586344;-0.00012248995983935203
6;ALFA;17.0;0.0;1.533625925925926;0.3005231481481481;-0.30417314814814816;0.00297037037037037;0.014156481481481482;0.00013055555555555542
12;ALFA;-4.0;0.0;-0.12277852760736195;0.07461523517382414;0.15293026584867075;0.0011399795501022493;-0.0032533742331288347;-0.0014399795501022494
12;ALFA;-3.0;0.0;-0.012935276073619653;0.07030143149284253;0.14154805725971373;0.0008642126789366053;-0.0037938650306748468;-0.0011574642126789367
12;ALFA;-2.0;0.0;0.09309761904761904;0.06698571428571429;0.13280238095238095;0.0006166666666666666;-0.0030952380952380953;-0.00014999999999999996
12;ALFA;-1.0;0.0;0.20615168195718653;0.06525045871559633;0.1281565749235474;0.00036666666666666667;-0.00377217125382263;-0.0003770642201834862
12;ALFA;0.0;0.0;0.31140000000000007;0.06454444444444445;0.11583703703703703;0.0003814814814814815;-0.0028777777777777777;-0.0007222222222222223
12;ALFA;1.0;0.0;0.4247666666666666;0.06532345679012345;0.10268395061728394;0.0002209876543209876;-0.002990123456790123;-0.0001333333333333334
12;ALFA;2.0;0.0;0.5333377675840978;0.06826937365500058;0.08802974289273983;0.00046722165590667113;-0.0030942972024011776;0.0005233944954128439
12;ALFA;3.0;0.0;0.6419088685015291;0.07121529051987768;0.07337553516819573;0.0007134556574923547;-0.0031984709480122327;0.0011801223241590213
12;ALFA;4.0;0.0;0.7530787037037037;0.07571481481481482;0.059228703703703714;0.0008648148148148149;-0.003490740740740741;0.001347222222222222
12;ALFA;5.0;0.0;0.8621168195718654;0.08124311926605504;0.04183577981651376;0.0009131498470948012;-0.0033773700305810396;0.0015446483180428135
12;ALFA;6.0;0.0;0.9687882716049382;0.08795493827160494;0.021617901234567898;0.0009018518518518518;-0.0029858024691358028;0.0015672839506172837
12;ALFA;7.0;0.0;1.0763320987654321;0.09632530864197532;-0.0031567901234568043;0.0008253086419753086;-0.0031160493827160495;0.0008925925925925921
12;ALFA;8.0;0.0;1.1823878504672896;0.10647943925233644;-0.03462679127725856;0.0008953271028037381;-0.0031105919003115265;7.165109034267926e-05
12;ALFA;9.0;0.0;1.2848916666666665;0.11763827160493827;-0.06157808641975306;0.0013327160493827163;-0.002857098765432099;-0.0001416666666666671
12;ALFA;10.0;0.0;1.385611214953271;0.1301202492211838;-0.09566915887850466;0.0010258566978193148;-0.0030367601246105926;0.0006526479750778818
12;ALFA;11.0;0.0;1.4828553459119498;0.14294088050314466;-0.13183396226415098;0.0007465408805031451;-0.00199874213836478;0.00016918238993710686
12;ALFA;12.0;0.0;1.5750716510903426;0.15752616822429907;-0.15347943925233645;0.0013124610591900311;-0.0020177570093457943;0.0001529595015576322
12;ALFA;13.0;0.0;1.6657248427672955;0.17426572327044024;-0.18313679245283018;0.0011720125786163522;-0.002317610062893082;-0.0006163522012578616
12;ALFA;14.0;0.0;1.749423153692615;0.19324570858283435;-0.22634670658682637;0.0012159680638722547;-0.0013978043912175652;8.10379241517001e-05
12;ALFA;15.0;0.0;1.8186960372960372;0.21251398601398602;-0.24695874125874126;0.0008139860139860142;-0.001260372960372961;0.0015939393939393936
12;ALFA;15.5;0.0;1.813788322717622;0.23121528662420382;-0.27732823779193205;0.0009078556263269635;-0.0004683651804670918;0.0016373673036093421
12;ALFA;16.0;0.0;1.786874193548387;0.2546344086021505;-0.31345806451612895;0.0011139784946236565;-0.0009612903225806383;0.0005569892473118346
12;ALFA;16.5;0.0;1.7913790697674419;0.27210271317829454;-0.3347988372093023;0.0009112403100775199;-0.0025848837209302288;-0.001401937984496119
12;ALFA;17.0;0.0;1.7993441860465118;0.2903294573643411;-0.3516302325581395;0.000707751937984496;-0.0038930232558139558;-0.003349612403100777
17;ALFA;-4.0;0.0;-0.11961538461538468;0.07431435897435897;0.14283589743589745;0.0010846153846153848;-0.003917435897435897;-0.00042564102564102607
17;ALFA;-3.0;0.0;-0.00980552147239269;0.06981912065439674;0.140339672801636;0.0009287321063394684;-0.005385685071574642;0.0006410020449897748
17;ALFA;-2.0;0.0;0.09773672839506171;0.06687253086419755;0.12640185185185185;0.0006398148148148147;-0.0044666666666666665;0.0011225308641975309
17;ALFA;-1.0;0.0;0.20693149847094802;0.06517920489296636;0.11801253822629969;0.0005516819571865443;-0.004507951070336392;0.0013229357798165138
17;ALFA;0.0;0.0;0.3058842105263158;0.06434736842105263;0.10491052631578948;0.0004;-0.003998245614035088;0.0010596491228070176
17;ALFA;1.0;0.0;0.4688666666666667;0.06623333333333332;0.08903333333333334;0.0004;-0.0047;0.0013666666666666669
17;ALFA;2.0;0.0;0.537629357798165;0.06696605504587157;0.07705596330275229;0.0005498470948012231;-0.003165443425076452;0.0019871559633027522
17;ALFA;3.0;0.0;0.6498063455657492;0.07119105221429381;0.0644193396760675;0.0006647383622154264;-0.0037759315890814357;0.0022707384754785363
17;ALFA;4.0;0.0;0.7619833333333335;0.07541604938271605;0.05178271604938271;0.0007796296296296297;-0.0043864197530864195;0.002554320987654321
17;ALFA;5.0;0.0;0.8716037037037038;0.08117222222222222;0.03543148148148148;0.0008722222222222223;-0.004112962962962962;0.002875925925925926
17;ALFA;6.0;0.0;0.9812749743589744;0.08790297435897436;0.016666256410256413;0.0009124102564102564;-0.004049641025641025;0.0029430769230769233
17;ALFA;7.0;0.0;1.0898503611971104;0.09615386996904025;-0.00836842105263158;0.0008348813209494324;-0.003779256965944272;0.002329824561403509
17;ALFA;8.0;0.0;1.1981113149847096;0.10612568807339451;-0.03856330275229357;0.0008103975535168194;-0.003544036697247706;0.00148868501529052
17;ALFA;9.0;0.0;1.304433956386293;0.1175386292834891;-0.0685246105919003;0.0011775700934579438;-0.003766666666666667;0.0016869158878504672
17;ALFA;10.0;0.0;1.4083364197530865;0.13054814814814814;-0.11096481481481481;0.0009296296296296298;-0.0037574074074074072;0.002627160493827161
17;ALFA;11.0;0.0;1.5035999999999998;0.14279056603773582;-0.1317446540880503;0.0007012578616352198;-0.0032761006289308173;0.0023207547169811324
17;ALFA;12.0;0.0;1.5973485714285718;0.15774380952380954;-0.16760190476190476;0.0013038095238095237;-0.003012380952380953;0.0020704761904761894
17;ALFA;13.0;0.0;1.6888046728971962;0.17428380062305296;-0.19231308411214956;0.0012666666666666666;-0.004078504672897196;0.00043146417445482873
17;ALFA;14.0;0.0;1.7704309090909094;0.19294727272727272;-0.23022848484848482;0.0013103030303030303;-0.0024169696969696965;0.0019060606060606043
17;ALFA;15.0;0.0;1.843770588235294;0.21196862745098038;-0.25183725490196074;0.000974509803921569;-0.0023745098039215694;0.0036823529411764725
17;ALFA;15.5;0.0;1.8524747967479673;0.22741626016260155;-0.27570813008130074;0.00010243902439024759;-0.0046813008130081124;-0.0012853658536585103
17;ALFA;16.0;0.0;1.8181221238938052;0.25259941002949854;-0.31020088495575227;-0.00025486725663716485;-0.005784660766961634;-0.003576696165191716
17;ALFA;16.5;0.0;1.800920118343195;0.27326429980276135;-0.334285009861933;0.0007005917159763313;-0.00039349112426035634;0.0025814595660749477
17;ALFA;17.0;0.0;1.8139082840236684;0.28850098619329406;-0.35245069033530585;0.0006414201183431944;-0.001044378698224855;0.0011021696252465352
0;BETA;0.0;-10.0;0.3622666666666667;0.04549999999999999;0.07803333333333333;-0.02023333333333333;0.03146666666666667;0.2851
0;BETA;0.0;-8.0;0.3682666666666667;0.0514;0.09999999999999999;-0.014633333333333333;0.02316666666666667;0.22319999999999998
0;BETA;0.0;-7.0;0.3682666666666667;0.053799999999999994;0.09276666666666666;-0.0128;0.019666666666666666;0.19963333333333333
0;BETA;0.0;-6.0;0.3700333333333334;0.05636666666666667;0.09086666666666667;-0.010033333333333333;0.0179;0.16866666666666666
0;BETA;0.0;-5.0;0.3706;0.05823333333333333;0.0909;-0.008199999999999999;0.011466666666666667;0.14566666666666667
0;BETA;0.0;-4.0;0.36856666666666665;0.06043333333333333;0.0994;-0.006366666666666666;0.010233333333333332;0.1148
0;BETA;0.0;-3.0;0.36460000000000004;0.06153333333333333;0.104;-0.0047666666666666664;0.007133333333333334;0.08796666666666668
0;BETA;0.0;-2.0;0.3687333333333333;0.06306666666666667;0.10806666666666669;-0.0023666666666666667;0.0029;0.057666666666666665
0;BETA;0.0;-1.0;0.3665;0.0636;0.10096666666666665;-0.0006000000000000001;-0.0022333333333333333;0.031900000000000005
0;BETA;0.0;0.0;0.3679333333333334;0.06406666666666666;0.10213333333333334;0.00016666666666666666;-0.003966666666666667;-0.0017666666666666666
0;BETA;0.0;1.0;0.36706666666666665;0.0635;0.10553333333333333;0.002433333333333333;-0.0067666666666666665;-0.028700000000000003
0;BETA;0.0;2.0;0.36610000000000004;0.06256666666666667;0.10880000000000001;0.004333333333333334;-0.011433333333333332;-0.05876666666666667
0;BETA;0.0;3.0;0.3619666666666667;0.06186666666666666;0.10376666666666667;0.0068000000000000005;-0.014133333333333333;-0.08789999999999999
0;BETA;0.0;4.0;0.3602666666666667;0.06046666666666667;0.10486666666666666;0.008533333333333332;-0.017499999999999998;-0.1164
0;BETA;0.0;5.0;0.36096666666666666;0.05853333333333333;0.10339999999999999;0.0105;-0.023033333333333333;-0.14506666666666668
0;BETA;0.0;6.0;0.3620333333333334;0.056400000000000006;0.10510000000000001;0.013166666666666667;-0.02613333333333333;-0.17973333333333333
0;BETA;0.0;7.0;0.36546666666666666;0.05616666666666666;0.09486666666666667;0.0153;-0.02893333333333333;-0.19876666666666667
0;BETA;0.0;8.0;0.3636333333333333;0.05366666666666667;0.09173333333333333;0.018;-0.03253333333333333;-0.227
0;BETA;0.0;9.0;0.36210000000000003;0.050800000000000005;0.08883333333333332;0.020833333333333332;-0.0361;-0.2588333333333333
0;BETA;0.0;10.0;0.36086666666666667;0.04753333333333334;0.0776;0.024433333333333335;-0.04186666666666666;-0.28940000000000005
6;BETA;0.0;-10.0;0.3329666666666667;0.0474;0.07523333333333333;-0.020633333333333333;0.0319;0.2841666666666667
6;BETA;0.0;-9.0;0.33326666666666666;0.050333333333333334;0.08586666666666666;-0.01796666666666667;0.028333333333333332;0.25416666666666665
6;BETA;0.0;-8.0;0.3378333333333334;0.053700000000000005;0.09696666666666666;-0.015333333333333332;0.023366666666666664;0.22196666666666665
6;BETA;0.0;-7.0;0.3398666666666667;0.05563333333333333;0.09273333333333333;-0.013233333333333333;0.0203;0.1953666666666667
6;BETA;0.0;-6.0;0.3368333333333333;0.058166666666666665;0.09573333333333334;-0.0106;0.01796666666666667;0.168
6;BETA;0.0;-5.0;0.3351333333333333;0.06043333333333334;0.09256666666666664;-0.008366666666666666;0.014233333333333334;0.14063333333333333
6;BETA;0.0;-4.0;0.3351333333333333;0.06166666666666667;0.10443333333333334;-0.006733333333333333;0.009966666666666665;0.11516666666666668
6;BETA;0.0;-3.0;0.334;0.0634;0.10740000000000001;-0.004933333333333334;0.0069;0.08806666666666667
6;BETA;0.0;-2.0;0.3338666666666667;0.06453333333333333;0.10923333333333334;-0.0029;0.0029666666666666665;0.055700000000000006
6;BETA;0.0;-1.0;0.33499999999999996;0.06546666666666666;0.11156666666666666;-0.0008666666666666666;-0.0006666666666666666;0.024800000000000003
6;BETA;0.0;0.0;0.333;0.06523333333333334;0.11170000000000001;0.00013333333333333334;-0.0031333333333333335;-0.002466666666666667
6;BETA;0.0;1.0;0.3327666666666667;0.0654;0.11183333333333334;0.0019666666666666665;-0.0065;-0.031233333333333335
6;BETA;0.0;2.0;0.3334;0.0644;0.11373333333333334;0.004433333333333333;-0.011099999999999999;-0.05996666666666667
6;BETA;0.0;3.0;0.3295;0.06356666666666667;0.10993333333333333;0.006333333333333333;-0.014166666666666668;-0.0894
6;BETA;0.0;4.0;0.3284;0.06193333333333333;0.1087;0.008233333333333334;-0.017433333333333332;-0.11956666666666667
6;BETA;0.0;5.0;0.3290666666666666;0.060066666666666664;0.1093;0.010033333333333333;-0.0218;-0.1506333333333333
6;BETA;0.0;6.0;0.32936666666666664;0.05793333333333334;0.10496666666666667;0.013166666666666667;-0.0252;-0.1817333333333333
6;BETA;0.0;7.0;0.33453333333333335;0.05666666666666667;0.109;0.014766666666666666;-0.029466666666666665;-0.20486666666666667
6;BETA;0.0;8.0;0.33373333333333327;0.0546;0.09570000000000001;0.01736666666666667;-0.0322;-0.2315
6;BETA;0.0;9.0;0.3322;0.05216666666666667;0.09013333333333333;0.020566666666666667;-0.035833333333333335;-0.26189999999999997
6;BETA;0.0;10.0;0.3322333333333333;0.0497;0.08020000000000001;0.023866666666666665;-0.03966666666666666;-0.2922
12;BETA;0.0;-10.0;0.3358666666666667;0.0467;0.07819999999999999;-0.020533333333333334;0.0313;0.28473333333333334
12;BETA;0.0;-9.0;0.3369333333333333;0.04973333333333333;0.09013333333333333;-0.017666666666666667;0.027566666666666666;0.2525
12;BETA;0.0;-8.0;0.3409333333333333;0.052833333333333336;0.10300000000000002;-0.015;0.023500000000000004;0.22266666666666668
12;BETA;0.0;-7.0;0.34253333333333336;0.055;0.09496666666666669;-0.012966666666666666;0.020266666666666665;0.19583333333333333
12;BETA;0.0;-6.0;0.3410333333333333;0.0574;0.0968;-0.010533333333333334;0.0175;0.16913333333333333
12;BETA;0.0;-5.0;0.3380666666666667;0.05973333333333333;0.09806666666666668;-0.0082;0.014233333333333334;0.14096666666666666
12;BETA;0.0;-4.0;0.33916666666666667;0.061033333333333335;0.10683333333333334;-0.006666666666666667;0.010566666666666669;0.11483333333333334
12;BETA;0.0;-3.0;0.3375666666666666;0.06280000000000001;0.11163333333333332;-0.005;0.006666666666666667;0.08813333333333333
12;BETA;0.0;-2.0;0.33863333333333334;0.06399999999999999;0.11203333333333333;-0.0029;0.0034;0.055866666666666676
12;BETA;0.0;-1.0;0.3386;0.06443333333333334;0.11210000000000002;-0.0008;-0.0003666666666666666;0.0251
12;BETA;0.0;0.0;0.3380666666666667;0.06453333333333333;0.11236666666666667;0.0001;-0.0029999999999999996;-0.0022333333333333333
12;BETA;0.0;1.0;0.33666666666666667;0.06476666666666665;0.1113;0.002;-0.0064333333333333334;-0.030833333333333334
12;BETA;0.0;2.0;0.3368333333333333;0.06346666666666667;0.11686666666666667;0.004066666666666666;-0.0111;-0.0604
12;BETA;0.0;3.0;0.33449999999999996;0.06266666666666666;0.11349999999999999;0.0059;-0.013699999999999999;-0.08749999999999998
12;BETA;0.0;4.0;0.33186666666666664;0.061233333333333334;0.10976666666666667;0.0081;-0.017233333333333333;-0.1198
12;BETA;0.0;5.0;0.33390000000000003;0.05923333333333334;0.11136666666666667;0.010066666666666666;-0.021400000000000002;-0.15076666666666666
12;BETA;0.0;6.0;0.3315;0.056266666666666666;0.10586666666666666;0.012266666666666667;-0.024966666666666665;-0.18186666666666665
12;BETA;0.0;7.0;0.33793333333333336;0.0559;0.11209999999999999;0.0146;-0.029233333333333333;-0.20543333333333336
12;BETA;0.0;8.0;0.33863333333333334;0.0537;0.10103333333333332;0.016966666666666668;-0.03256666666666667;-0.2311
12;BETA;0.0;9.0;0.3366;0.051666666666666666;0.09206666666666667;0.02036666666666667;-0.035800000000000005;-0.26166666666666666
12;BETA;0.0;10.0;0.33663333333333334;0.047966666666666664;0.08206666666666666;0.023866666666666665;-0.0395;-0.29473333333333335
17;BETA;0.0;-10.0;0.34509999999999996;0.04650000000000001;0.07943333333333334;-0.0204;0.03126666666666667;0.2852666666666666
17;BETA;0.0;-9.0;0.3474333333333333;0.04976666666666666;0.08666666666666667;-0.0177;0.0257;0.2546333333333333
17;BETA;0.0;-8.0;0.34913333333333335;0.05276666666666666;0.09413333333333333;-0.015233333333333333;0.023933333333333334;0.2231
17;BETA;0.0;-7.0;0.3503;0.055466666666666664;0.09226666666666668;-0.013;0.020633333333333333;0.19663333333333333
17;BETA;0.0;-6.0;0.35106666666666664;0.057600000000000005;0.09563333333333333;-0.010133333333333333;0.0178;0.16826666666666668
17;BETA;0.0;-5.0;0.35106666666666664;0.05973333333333333;0.09606666666666668;-0.008166666666666668;0.013866666666666666;0.14103333333333334
17;BETA;0.0;-4.0;0.3487;0.061233333333333334;0.10123333333333333;-0.006633333333333334;0.010033333333333333;0.11520000000000001
17;BETA;0.0;-3.0;0.34580000000000005;0.06293333333333333;0.10353333333333332;-0.005066666666666667;0.0058;0.0902
17;BETA;0.0;-2.0;0.3460666666666666;0.06436666666666667;0.10446666666666667;-0.002933333333333333;0.002466666666666666;0.058133333333333335
17;BETA;0.0;-1.0;0.34709999999999996;0.06493333333333333;0.1072;-0.0008;0.0001;0.026066666666666665
17;BETA;0.0;0.0;0.34823333333333334;0.06496666666666666;0.1102;0.00016666666666666666;-0.0043;-0.0010333333333333334
17;BETA;0.0;1.0;0.3463;0.06433333333333334;0.11216666666666668;0.0021;-0.008199999999999999;-0.028366666666666665
17;BETA;0.0;2.0;0.3455333333333333;0.0639;0.1123;0.004033333333333333;-0.010966666666666666;-0.05946666666666667
17;BETA;0.0;3.0;0.3428;0.06266666666666666;0.10709999999999999;0.0061333333333333335;-0.013566666666666666;-0.08963333333333334
17;BETA;0.0;4.0;0.3415333333333333;0.0614;0.10606666666666666;0.0081;-0.016966666666666668;-0.11970000000000001
17;BETA;0.0;5.0;0.3403;0.05943333333333333;0.109;0.009866666666666666;-0.024033333333333334;-0.1467
17;BETA;0.0;6.0;0.34193333333333337;0.056433333333333335;0.10323333333333333;0.012166666666666668;-0.025466666666666665;-0.1815
17;BETA;0.0;7.0;0.3464333333333333;0.05603333333333333;0.10676666666666668;0.014566666666666667;-0.029066666666666668;-0.20493333333333333
17;BETA;0.0;8.0;0.3445666666666667;0.054266666666666664;0.0989;0.017133333333333334;-0.031900000000000005;-0.2318
17;BETA;0.0;9.0;0.34426666666666667;0.0515;0.0877;0.02033333333333333;-0.03556666666666666;-0.2614333333333333
17;BETA;0.0;10.0;0.34346666666666664;0.049100000000000005;0.08533333333333333;0.023500000000000004;-0.039233333333333335;-0.2913
